Keyword,Position,Previous position,Search Volume,Keyword Difficulty,CPC,URL,Traffic,Traffic (%),Traffic Cost,Competition,Number of Results,Trends,Timestamp,SERP Features by Keyword,Keyword Intents,Position Type
chicago area fence companies,2,2,4400,34,6.35,https://www.floresfencecompany.com/,193,10.56,1225.00,0.35,110,"23, 19, 81, 1, 13, 81, 100, 36, 13, 10, 13, 8",2026-06-03,"Local pack, Video, People also ask",commercial,Organic
flores fence,1,1,210,46,2.07,https://www.floresfencecompany.com/,168,9.19,347.00,0.1,12000000,"22, 43, 66, 66, 66, 54, 43, 43, 35, 29, 29, 18",2026-04-21,"Local pack, Sitelinks, Video, Related searches",navigational,Organic
chicagoland fence,1,1,1900,32,5.30,https://www.floresfencecompany.com/,155,8.48,821.00,0.28,125,"7, 13, 54, 2, 5, 100, 81, 28, 13, 15, 10, 7",2026-06-03,"Local pack, Video, People also ask, Related searches",commercial,Local pack
flores fence inc,1,1,140,33,2.07,https://www.floresfencecompany.com/,112,6.13,231.00,0.1,2180000,"66, 80, 100, 80, 80, 80, 100, 52, 52, 80, 52, 33",2026-05-14,"Knowledge panel, Sitelinks, Video, Related searches",navigational,Organic
fence company near me,20,20,74000,46,6.31,https://www.floresfencecompany.com/,111,6.07,700.00,0.81,325000000,"44, 44, 36, 54, 54, 44, 44, 36, 36, 30, 30, 44",2026-06-02,"Local pack, Video, People also ask, Related searches, AI overview",transactional,Organic
chicagoland fence,2,2,1900,32,5.30,https://www.floresfencecompany.com/,83,4.54,439.00,0.28,125,"7, 13, 54, 2, 5, 100, 81, 28, 13, 15, 10, 7",2026-06-03,"Local pack, Video, People also ask, Related searches",commercial,Organic
fences chicago area,2,2,1900,35,5.30,https://www.floresfencecompany.com/,66,3.61,349.00,0.28,115,"7, 13, 54, 1, 5, 100, 81, 28, 1, 15, 10, 7",2026-06-03,"Local pack, Sitelinks, Video, People also ask, Related searches, Discussions and forums, AI overview",commercial,Organic
fences chicago area,1,1,1900,35,5.30,https://www.floresfencecompany.com/,65,3.55,344.00,0.28,115,"7, 13, 54, 1, 5, 100, 81, 28, 1, 15, 10, 7",2026-06-03,"Local pack, Sitelinks, Video, People also ask, Related searches, Discussions and forums, AI overview",commercial,AI overview
chicago fence contractors,1,1,480,21,0.00,https://www.floresfencecompany.com/,63,3.44,0.00,0.01,4140000,"3, 8, 8, 10, 10, 76, 24, 67, 100, 55, 36, 30",2026-05-08,"Local pack, Video, Image, People also ask, Related searches",commercial,Local pack
fence company chicago,1,1,880,48,6.35,https://www.floresfencecompany.com/,57,3.11,361.00,0.35,115,"16, 20, 24, 36, 54, 41, 100, 20, 20, 54, 24, 30",2026-05-31,"Local pack, Sitelinks, Video, People also ask, Related searches",commercial,Organic
fence builders chicago,1,1,720,47,9.73,https://www.floresfencecompany.com/,46,2.51,447.00,0.03,3430000,"16, 81, 81, 36, 100, 36, 24, 36, 36, 20, 30, 24",2026-04-14,"Local pack, Video, People also ask, Related searches",commercial,Organic
fence installation chicago,1,1,720,32,11.74,https://www.floresfencecompany.com/,46,2.51,540.00,0.03,60400000,"13, 11, 20, 16, 25, 37, 52, 68, 100, 68, 46, 37",2026-04-23,"Local pack, Sitelinks, Video, People also ask, Related searches, Discussions and forums",commercial,Organic
vinyl fence installation chicago,3,3,1300,21,0.00,https://www.floresfencecompany.com/vinyl-fence,45,2.46,0.00,0,127,"4, 5, 29, 13, 13, 100, 22, 43, 36, 29, 43, 29",2026-04-11,"Local pack, Video, People also ask, Related searches",commercial,Organic
fence contractors chicago,2,2,880,50,9.73,https://www.floresfencecompany.com/,38,2.07,369.00,0.03,4300000,"10, 55, 62, 62, 45, 24, 55, 62, 62, 100, 45, 36",2026-05-06,"Local pack, Video, Image, People also ask, Discussions and forums",commercial,Organic
fence contractor chicago,1,1,480,23,6.35,https://www.floresfencecompany.com/,31,1.69,196.00,0.35,109,"5, 7, 100, 13, 10, 13, 10, 10, 16, 36, 16, 16",2026-06-04,"Local pack, Video, People also ask, Related searches",commercial,Organic
fence chicago,1,1,480,47,2.63,https://www.floresfencecompany.com/,31,1.69,81.00,0.55,110,"4, 5, 20, 20, 16, 30, 30, 100, 36, 30, 36, 24",2026-05-08,"Local pack, Image, People also ask, Related searches",commercial,Organic
chicago fence builders,1,1,110,30,0.00,https://www.floresfencecompany.com/,27,1.47,0.00,0.13,4310000,"7, 7, 7, 7, 19, 15, 65, 80, 53, 80, 80, 100",2026-04-27,"Local pack, Image pack, Sitelinks, Video, Image, People also ask, Related searches, Discussions and forums",commercial,Organic
wood fence chicago,4,4,1000,44,0.00,https://www.floresfencecompany.com/,24,1.31,0.00,0,17800000,"13, 5, 7, 36, 20, 54, 100, 79, 54, 24, 54, 30",2026-04-11,"Local pack, Video, People also ask, Popular products, Related searches",commercial,Organic
vinyl fence chicago,6,6,1300,6,3.55,https://www.floresfencecompany.com/,24,1.31,85.00,0.06,185,"36, 54, 79, 54, 100, 66, 36, 54, 30, 24, 24, 20",2026-06-02,"Local pack, Video, People also ask, Popular products, Related searches",commercial,Organic
fence companies chicago,2,2,480,46,9.73,https://www.floresfencecompany.com/,21,1.14,204.00,0.03,40700000,"8, 6, 13, 45, 24, 30, 36, 67, 55, 45, 55, 45",2026-04-14,"Local pack, Sitelinks, Video, Image, Related searches",commercial,Organic
chicago fence contractors,2,2,480,21,0.00,https://www.floresfencecompany.com/,21,1.14,0.00,0.01,4140000,"3, 8, 8, 10, 10, 76, 24, 67, 100, 55, 36, 30",2026-05-08,"Local pack, Video, Image, People also ask, Related searches",commercial,Organic
fencing companies chicago,1,1,320,31,10.74,https://www.floresfencecompany.com/,20,1.09,214.00,0.06,9140000,"7, 7, 9, 11, 17, 26, 26, 39, 100, 59, 26, 17",2026-05-03,"Local pack, Image, People also ask, Related searches",commercial,Organic
fence company chicago il,1,1,140,37,6.35,https://www.floresfencecompany.com/,18,0.98,114.00,0.35,110,"10, 22, 35, 43, 43, 54, 18, 14, 14, 22, 14, 14",2026-06-04,"Local pack, Sitelinks, Video, Related searches",commercial,Local pack
chicago fence installation,2,2,390,51,11.74,https://www.floresfencecompany.com/,17,0.93,199.00,0.03,65200000,"5, 5, 7, 10, 23, 54, 54, 100, 81, 67, 81, 54",2026-05-09,"Local pack, Sitelinks, People also ask, Related searches",commercial,Organic
chicago fence companies,2,2,320,46,9.73,https://www.floresfencecompany.com/,14,0.76,136.00,0.03,38000000,"7, 10, 19, 19, 23, 36, 36, 67, 54, 44, 44, 36",2026-04-28,"Local pack, Sitelinks, Video, Image, People also ask, Related searches, Discussions and forums",commercial,Organic
chicago vinyl fence,9,9,2900,7,3.55,https://www.floresfencecompany.com/,14,0.76,49.00,0.06,180,"16, 13, 44, 8, 19, 100, 54, 66, 10, 10, 8, 4",2026-06-03,"Local pack, Sitelinks, Video, People also ask, Popular products, Related searches",commercial,Organic
fence repair chicago,2,2,320,24,9.68,https://www.floresfencecompany.com/,14,0.76,135.00,0.23,8260000,"35, 18, 66, 66, 66, 54, 100, 100, 81, 54, 81, 81",2026-05-08,"Local pack, Image pack, Image, People also ask, Related searches",commercial,Organic
fence installation chicago il,2,2,390,31,11.74,https://www.floresfencecompany.com/,13,0.71,152.00,0.03,16900000,"1, 1, 6, 6, 6, 100, 16, 45, 45, 20, 20, 20",2026-04-23,"Local pack, Sitelinks, Video, Image, Related searches, AI overview",commercial,Organic
chicago fence company,5,5,720,33,9.73,https://www.floresfencecompany.com/,13,0.71,126.00,0.03,113,"16, 16, 76, 36, 45, 67, 67, 100, 76, 45, 45, 36",2026-05-24,"Local pack, Video, People also ask, Related searches",commercial,Organic
flores fencing,1,1,170,27,3.90,https://www.floresfencecompany.com/,13,0.71,50.00,0.15,4690000,"28, 34, 100, 65, 65, 53, 53, 43, 53, 34, 43, 28",2026-04-23,"Local pack, Sitelinks, Video, Related searches",commercial,Local pack
fence company in chicago,2,2,260,50,9.73,https://www.floresfencecompany.com/,11,0.6,107.00,0.03,106,"6, 5, 8, 8, 11, 44, 54, 100, 81, 66, 81, 44",2026-04-25,"Local pack, Video, Related searches",commercial,Organic
chicago steel fence,6,6,590,5,0.00,https://www.floresfencecompany.com/metal-fence,11,0.6,0.00,0,8000000,"5, 8, 30, 16, 10, 62, 36, 100, 62, 36, 36, 36",2026-04-29,"Local pack, Sitelinks, Video, Video Carousel, People also ask, Related searches, AI overview",commercial,Organic
chicagoland fence companies,1,1,170,31,6.35,https://www.floresfencecompany.com/,11,0.6,69.00,0.35,114,"0, 100, 5, 2, 3, 1, 0, 0, 0, 0, 0, 0",2026-05-31,"Local pack, Sitelinks, Video, People also ask, Related searches",commercial,Organic
fencing company chicago,2,2,210,46,10.74,https://www.floresfencecompany.com/,9,0.49,96.00,0.06,10800000,"8, 8, 10, 10, 18, 81, 35, 100, 100, 54, 54, 43",2026-05-14,"Local pack, Sitelinks, Video, People also ask, Related searches",commercial,Organic
fence installation services chicago,2,2,210,30,0.00,https://www.floresfencecompany.com/,9,0.49,0.00,0,49000000,"100, 0, 0",2026-04-27,"Local pack, Video, Image, People also ask, Related searches, Discussions and forums",commercial,Organic
fences chicago,2,2,210,46,2.40,https://www.floresfencecompany.com/,9,0.49,21.00,0.54,111,"5, 5, 24, 10, 100, 8, 6, 8, 6, 1, 3, 3",2026-06-03,"Local pack, Video, People also ask, Related searches",commercial,Organic
fence company chicago il,1,1,140,37,6.35,https://www.floresfencecompany.com/,9,0.49,57.00,0.35,110,"10, 22, 35, 43, 43, 54, 18, 14, 14, 22, 14, 14",2026-06-04,"Local pack, Sitelinks, Video, Related searches",commercial,Organic
chain link fence chicago,4,4,390,18,0.00,https://www.floresfencecompany.com/,8,0.43,0.00,0.01,6690000,"36, 19, 29, 100, 54, 66, 81, 81, 81, 81, 29, 36",2026-05-08,"Local pack, Sitelinks, Video, People also ask, Related searches, Discussions and forums",commercial,Organic
fence companies in chicago,2,2,170,30,6.35,https://www.floresfencecompany.com/,7,0.38,44.00,0.35,109,"19, 19, 53, 65, 80, 53, 80, 80, 80, 80, 65, 100",2026-06-04,"Local pack, Video, People also ask, Related searches, Discussions and forums",commercial,Organic
wood fence installation chicago,3,3,210,25,0.00,https://www.floresfencecompany.com/,7,0.38,0.00,0.33,115,"7, 5, 12, 17, 28, 28, 82, 82, 66, 100, 100, 100",2026-05-24,"Local pack, Sitelinks, Video, People also ask, Related searches",commercial,Organic
chicago fence,7,7,390,35,2.63,https://www.floresfencecompany.com/,7,0.38,18.00,0.55,59100000,"11, 11, 15, 81, 28, 66, 54, 100, 100, 81, 100, 81",2026-04-29,"Local pack, Sitelinks, Video, Image, People also ask, Related searches",commercial,Organic
flores fencing,2,2,170,27,3.90,https://www.floresfencecompany.com/,7,0.38,27.00,0.15,4690000,"28, 34, 100, 65, 65, 53, 53, 43, 53, 34, 43, 28",2026-04-23,"Local pack, Sitelinks, Video, Related searches",commercial,Organic
chain link fence chicago il,3,36,210,14,5.62,https://www.floresfencecompany.com/chain-fence,7,0.38,39.00,0.37,177,"100, 66, 44, 44, 81, 66, 28, 5, 5, 6, 11, 5",2026-06-04,"Local pack, Video, People also ask, Popular products, Related searches",commercial,Organic
chicago fence repair,2,2,170,23,7.14,https://www.floresfencecompany.com/,7,0.38,49.00,0.78,108,"33, 23, 33, 80, 80, 52, 100, 100, 100, 100, 80, 100",2026-06-04,"Local pack, Sitelinks, Video, People also ask, Related searches, Discussions and forums",commercial,Organic
local fence businesses chicago,3,3,260,45,0.00,https://www.floresfencecompany.com/,6,0.32,0.00,0,16700000,"100, 1, 0",2026-04-25,"Local pack, Sitelinks, Video, People also ask, Related searches, Discussions and forums",commercial,Organic
chicago chain link fence,4,4,260,13,0.00,https://www.floresfencecompany.com/chain-fence,6,0.32,0.00,0.01,173,"6, 6, 9, 15, 23, 44, 54, 100, 66, 36, 23, 36",2026-04-20,"Local pack, Video, Image, Popular products, Related searches",commercial,Organic
high security fence chicago,7,7,320,3,0.00,https://www.floresfencecompany.com/metal-fence,6,0.32,0.00,0,197,"10, 10, 6, 66, 81, 66, 81, 81, 81, 66, 81, 100",2026-05-28,"Local pack, Video, Popular products, Related searches",informational,Organic
fence installation chicagoland,2,2,140,46,11.74,https://www.floresfencecompany.com/,6,0.32,70.00,0.03,61100000,"3, 3, 1, 5, 8, 3, 35, 54, 100, 23, 18, 15",2026-05-03,"Local pack, Sitelinks, Video, People also ask, Related searches",commercial,Organic
best fence company chicago,4,4,260,44,0.00,https://www.floresfencecompany.com/,5,0.27,0.00,0.04,104,"2, 4, 15, 15, 29, 66, 44, 100, 81, 44, 23, 23",2026-04-17,"Local pack, Sitelinks, Video, People also ask, Related searches, Discussions and forums",commercial,Organic
flores fence,1,1,210,46,2.07,https://www.floresfencecompany.com/,5,0.27,10.00,0.1,12000000,"22, 43, 66, 66, 66, 54, 43, 43, 35, 29, 29, 18",2026-04-21,"Local pack, Sitelinks, Video, Related searches",navigational,Local pack
chicago fence contractor,3,3,170,20,7.11,https://www.floresfencecompany.com/,5,0.27,35.00,0.14,107,"34, 34, 19, 65, 100, 100, 80, 100, 100, 80, 80, 80",2026-06-04,"Local pack, Sitelinks, Video, People also ask",commercial,Organic
vinyl fence installers chicago area,1,1,90,6,0.00,https://www.floresfencecompany.com/,5,0.27,0.00,0,2620000,"100, 3, 0",2026-05-04,"Local pack, Video, People also ask, Related searches, Discussions and forums",commercial,Organic
commercial fence company east ravenswood il,1,1,40,46,0.00,https://www.floresfencecompany.com/,5,0.27,0.00,0,177000,"0, 0, 0, 0, 5, 17, 100, 17, 23, 29, 17, 23",2026-04-28,"Local pack, Related searches",commercial,Local pack
wood fence company near chicago,1,1,40,41,0.00,https://www.floresfencecompany.com/,5,0.27,0.00,0,42700000,"55, 0, 0, 11, 44, 22, 77, 77, 55, 77, 55, 33",2026-04-18,"Knowledge panel, Sitelinks, Video, Related searches, AI overview",commercial,Organic
chicago illinois fence company,1,1,90,44,0.00,https://www.floresfencecompany.com/,5,0.27,0.00,0,112,"3, 7, 15, 19, 34, 53, 53, 80, 100, 42, 15, 15",2026-04-27,"Local pack, Sitelinks, Image, Related searches",commercial,Organic
vinyl fence repair chicago,2,2,110,3,0.00,https://www.floresfencecompany.com/,4,0.21,0.00,0.33,1490000,"19, 14, 23, 23, 19, 19, 66, 80, 52, 80, 100, 80",2026-05-02,"Local pack, Video, People also ask, Related searches",commercial,Organic
show me fencing companies near chicago that do custom work.,2,2,170,27,0.00,https://www.floresfencecompany.com/,4,0.21,0.00,0,2230000,"100, 2, 0",2026-04-28,"Local pack, Video, People also ask, Related searches, Discussions and forums",commercial,Organic
fence repair company chicago,2,2,110,43,0.00,https://www.floresfencecompany.com/,4,0.21,0.00,0,6550000,"23, 0, 0, 0, 19, 23, 80, 100, 66, 100, 100, 100",2026-04-28,"Local pack, Image, People also ask, Related searches, Discussions and forums",commercial,Organic
fence in chicago,4,5,140,20,2.40,https://www.floresfencecompany.com/,4,0.21,9.00,0.54,131,"33, 23, 52, 66, 80, 52, 100, 80, 80, 100, 80, 100",2026-06-04,"Local pack, Video, People also ask, Related searches",commercial,Organic
flores fence inc,10,10,140,33,2.07,https://www.floresfencecompany.com/,4,0.21,8.00,0.1,2180000,"66, 80, 100, 80, 80, 80, 100, 52, 52, 80, 52, 33",2026-05-14,"Knowledge panel, Sitelinks, Video, Related searches",navigational,Knowledge panel
fence companies in chicago il,2,2,110,43,9.73,https://www.floresfencecompany.com/,4,0.21,38.00,0.03,9770000,"0, 0, 0, 100, 0, 0, 5, 5, 4, 4, 4, 5",2026-04-14,"Local pack, Sitelinks, Video, Image, Related searches",commercial,Organic
security fence installation companies chicago,3,3,140,27,0.00,https://www.floresfencecompany.com/,4,0.21,0.00,0,31700000,"100, 0, 0",2026-04-30,"Local pack, Video, Image, Related searches",commercial,Organic
chain link fence installation chicago,9,9,880,30,0.00,https://www.floresfencecompany.com/,4,0.21,0.00,0,6910000,"1, 3, 4, 5, 5, 100, 24, 55, 55, 44, 24, 16",2026-04-11,"Local pack, Sitelinks, Video, People also ask, Related searches",commercial,Organic
fencing contractors near me chicago,1,1,50,48,0.00,https://www.floresfencecompany.com/,3,0.16,0.00,0,7770000,"0, 0, 28, 100, 100, 100, 100, 100, 57, 71, 57",2026-04-28,"Local pack, Sitelinks, Video, Image, People also ask, Related searches, Discussions and forums",transactional,Organic
fence repair company in chicago,2,2,90,40,0.00,https://www.floresfencecompany.com/,3,0.16,0.00,0,8100000,"23, 0, 0, 0, 11, 29, 82, 100, 52, 100, 100, 100",2026-05-07,"Local pack, Video, Image, People also ask, Related searches, Discussions and forums",commercial,Organic
vinyl fencing chicago,5,5,210,16,0.00,https://www.floresfencecompany.com/,3,0.16,0.00,0.1,173,"15, 15, 12, 65, 100, 81, 81, 100, 81, 81, 81, 100",2026-06-02,"Local pack, Video, People also ask, Popular products",commercial,Organic
chain link fence repair chicago,2,2,90,7,0.00,https://www.floresfencecompany.com/,3,0.16,0.00,0.11,1940000,"9, 9, 9, 9, 19, 14, 66, 80, 52, 80, 80, 80",2026-05-06,"Local pack, Sitelinks, Video, People also ask, Related searches, Discussions and forums",commercial,Organic
vinyl fence company chicago,1,1,50,28,0.00,https://www.floresfencecompany.com/,3,0.16,0.00,0,2250000,"0, 14, 100, 100, 100, 71, 100",2026-04-18,"Local pack, Sitelinks, Video, Related searches",commercial,Organic
fence builder chicago,3,3,70,30,0.00,https://www.floresfencecompany.com/,2,0.1,0.00,0.99,112,"11, 29, 23, 64, 52, 64, 52, 52, 29, 17, 29, 17",2026-05-27,"Local pack, Sitelinks, Video, People also ask, Related searches",commercial,Organic
ornamental iron fence chicago il,5,5,90,5,0.00,https://www.floresfencecompany.com/metal-fence,2,0.1,0.00,0,1820000,"29, 17, 41, 29, 23, 11, 82, 100, 64, 100, 82, 82",2026-05-07,"Local pack, Sitelinks, Video, Image, Related searches",commercial,Organic
chicago picket fence,4,4,110,1,0.00,https://www.floresfencecompany.com/wood-fence,2,0.1,0.00,0,6730000,"19, 14, 23, 23, 19, 9, 66, 80, 52, 80, 100, 100",2026-04-27,"Local pack, Image pack, Video, People also ask, Popular products, Related searches, AI overview",commercial,Organic
iron fence chicago,16,16,1600,11,6.74,https://www.floresfencecompany.com/metal-fence,2,0.1,13.00,0.01,171,"1, 0, 1, 8, 2, 2, 19, 5, 100, 54, 1, 2",2026-05-25,"Local pack, Sitelinks, People also ask, Popular products, Related searches",commercial,Organic
picket fence repair chicago,5,5,110,3,0.00,https://www.floresfencecompany.com/,2,0.1,0.00,0.33,107,"19, 14, 23, 23, 19, 14, 66, 80, 52, 80, 100, 80",2026-05-07,"Local pack, Video, Related searches",commercial,Organic
fence installation near me chicago,1,1,40,28,0.00,https://www.floresfencecompany.com/,2,0.1,0.00,0,50500000,"14, 0, 28, 42, 42, 57, 100, 100, 100, 100, 71",2026-04-15,"Local pack, Sitelinks, Video, Related searches",transactional,Organic
fences in chicago,1,1,90,33,2.63,https://www.floresfencecompany.com/,2,0.1,5.00,0.55,9780000,"0, 6, 22, 4, 22, 35, 4, 100, 8, 14, 14, 6",2026-05-12,"Local pack, Video, People also ask, Related searches, Discussions and forums",commercial,Organic
flores fence supply,1,1,90,30,2.81,https://www.floresfencecompany.com/,2,0.1,5.00,0.11,2460000,"29, 41, 52, 64, 52, 52, 52, 52, 52, 29, 52, 52",2026-04-20,"Local pack, Sitelinks, Video, Image, Related searches",commercial,Local pack
chicago fencing company,2,2,50,46,10.74,https://www.floresfencecompany.com/,2,0.1,21.00,0.06,8800000,"33, 0, 22, 44, 33, 22, 55, 77, 100, 100, 100, 77",2026-05-08,"Local pack, Sitelinks, Image, People also ask, Related searches",commercial,Organic
fence contractor chicago il,2,2,50,29,0.00,https://www.floresfencecompany.com/,2,0.1,0.00,0.33,113,"18, 18, 27, 27, 45, 36, 81, 100, 45, 36, 45, 63",2026-05-07,"Local pack, Video, Related searches",commercial,Organic
wooden fence designs chicago,3,3,40,0,0.00,https://www.floresfencecompany.com/wood-fence,2,0.1,0.00,0,15900000,"14, 0, 42, 100, 71, 71, 71, 71, 100, 57, 42",2026-05-03,"Local pack, Sitelinks, Video, Related searches, AI overview",commercial,Organic
chain link fence installation chicago,10,10,880,30,0.00,https://www.floresfencecompany.com/,2,0.1,0.00,0,6910000,"1, 3, 4, 5, 5, 100, 24, 55, 55, 44, 24, 16",2026-04-11,"Local pack, Sitelinks, Video, People also ask, Related searches",commercial,Organic
top-rated fence contractors chicago 2025,6,6,210,18,0.00,https://www.floresfencecompany.com/,1,0.05,0.00,0,9190000,"100, 1, 0",2026-04-27,"Local pack, People also ask, Related searches, Discussions and forums",commercial,Organic
steel fence company chicago,6,6,70,2,0.00,https://www.floresfencecompany.com/metal-fence,1,0.05,0.00,0,8420000,"9, 9, 9, 19, 33, 66, 66, 100, 66, 52, 0, 0",2026-05-02,"Local pack, Sitelinks, Video, People also ask, Related searches",commercial,Organic
commercial fence company chicago il,25,25,720,34,0.00,https://www.floresfencecompany.com/,1,0.05,0.00,0,4420000,"0, 3, 25, 11, 7, 25, 37, 100, 68, 52, 46, 25",2026-04-13,"Local pack, Sitelinks, Video, Image, Related searches",commercial,Organic
fence replacement chicago,2,2,40,29,0.00,https://www.floresfencecompany.com/,1,0.05,0.00,0,6690000,"60, 100",2026-04-28,"Local pack, Sitelinks, Video, People also ask, Popular products, Related searches, Discussions and forums",commercial,Organic
fence construction chicago,7,7,50,31,5.96,https://www.floresfencecompany.com/,1,0.05,5.00,0.69,120,"28, 14, 28, 100, 100, 100, 100, 71, 71, 57, 57, 57",2026-05-28,"Local pack, Sitelinks, Video, People also ask, Related searches",commercial,Organic
iron fence chicago il,11,11,390,24,6.74,https://www.floresfencecompany.com/metal-fence,1,0.05,6.00,0.01,118,"0, 0, 0, 0, 2, 5, 36, 100, 81, 45, 20, 13",2026-04-20,"Local pack, Sitelinks, Video, Related searches",commercial,Organic
fences chicago area,1,1,1900,35,5.30,https://www.floresfencecompany.com/,1,0.05,5.00,0.28,115,"7, 13, 54, 1, 5, 100, 81, 28, 1, 15, 10, 7",2026-06-03,"Local pack, Sitelinks, Video, People also ask, Related searches, Discussions and forums, AI overview",commercial,AI overview
commercial fence builders chicago,1,1,90,30,0.00,https://www.floresfencecompany.com/,1,0.05,0.00,0,3080000,"0, 17, 52, 29, 64, 82, 82, 100, 100, 41, 29, 41",2026-04-18,"Local pack, Sitelinks, Video, Related searches, AI overview",commercial,AI overview
commercial fence installation chicago,18,18,880,49,0.00,https://www.floresfencecompany.com/,1,0.05,0.00,0,115,"0, 0, 1, 1, 3, 10, 8, 100, 28, 7, 8, 5",2026-05-08,"Local pack, Sitelinks, Video, Related searches, AI overview",commercial,Organic
fence repair chicago il,4,4,50,28,9.68,https://www.floresfencecompany.com/,1,0.05,9.00,0.23,116,"0, 17, 100, 23, 17, 11, 41, 41, 29, 23, 11, 17",2026-05-25,"Local pack, Video, Related searches",commercial,Organic
fencing companies in chicago,2,2,40,45,10.74,https://www.floresfencecompany.com/,1,0.05,10.00,0.06,10800000,"0, 0, 0, 7, 7, 3, 3, 100, 15, 19, 19, 7",2026-05-08,"Local pack, Image, People also ask, Related searches",commercial,Organic
wood fence chicago il,4,4,50,37,0.00,https://www.floresfencecompany.com/,1,0.05,0.00,0,7390000,"1, 0, 1, 3, 5, 3, 7, 12, 10, 12, 12, 10",2026-04-17,"Local pack, Sitelinks, Video, Image, Related searches",commercial,Organic
wood fence repair chicago,3,3,70,22,5.54,https://www.floresfencecompany.com/,1,0.05,5.00,0.46,114,"23, 23, 29, 52, 41, 52, 52, 52, 52, 64, 23, 17",2026-06-04,"Local pack, Video, People also ask, Related searches, Discussions and forums",commercial,Organic
fencing contractors near my location chicago,2,2,40,27,0.00,https://www.floresfencecompany.com/,1,0.05,0.00,0,110,"0, 14, 28, 100, 100, 100, 42, 71, 57, 57, 28",2026-04-18,"Local pack, Sitelinks, Video, People also ask, Related searches",commercial,Organic
chicago fences,5,5,50,50,2.63,https://www.floresfencecompany.com/,1,0.05,2.00,0.55,9670000,"4, 19, 4, 19, 9, 9, 9, 23, 19, 100, 33, 14",2026-04-12,"Local pack, Video, Related searches",commercial,Organic
kyle hindin,35,35,50,8,536.55,https://www.floresfencecompany.com/wood-fence,0,0,0.00,0.16,30100,"50, 50, 21, 35, 50, 50, 50, 64, 14, 14, 14, 14",2026-04-22,"Image pack, Sitelinks, Video, Image, Ads bottom",informational,Organic
fence installation park ridge,27,27,50,1,0.00,https://www.floresfencecompany.com/,0,0,0.00,0,102,"5, 17, 5, 11, 11, 29, 100, 100, 41, 17, 0, 0",2026-05-07,"Local pack, Related searches",commercial,Organic
commercial aluminum fences chicago,22,22,70,1,0.00,https://www.floresfencecompany.com/metal-fence,0,0,0.00,0.33,2070000,"14, 19, 66, 33, 52, 33, 100, 9, 19, 23, 9, 4",2026-04-14,"Local pack, Video, Related searches",commercial,Organic
chicago fence builders,8,8,110,30,0.00,https://www.floresfencecompany.com/,0,0,0.00,0.13,4310000,"7, 7, 7, 7, 19, 15, 65, 80, 53, 80, 80, 100",2026-04-27,"Local pack, Image pack, Sitelinks, Video, Image, People also ask, Related searches, Discussions and forums",commercial,Image pack
aluminum fence chicago,32,32,590,4,0.00,https://www.floresfencecompany.com/metal-fence,0,0,0.00,0.01,179,"3, 4, 20, 5, 8, 30, 8, 13, 100, 41, 20, 7",2026-05-21,"Local pack, Video, People also ask, Popular products, Related searches",commercial,Organic
fence company berwyn il,16,16,40,2,0.00,https://www.floresfencecompany.com/,0,0,0.00,0,260000,"0, 0, 0, 0, 0, 0, 0, 0, 50, 78, 100, 100",2026-04-28,"Local pack, Sitelinks, Image, People also ask, Related searches",commercial,Organic
wrought iron fence chicago,14,14,480,11,4.89,https://www.floresfencecompany.com/metal-fence,0,0,0.00,0.03,1050000,"17, 17, 39, 32, 32, 59, 59, 100, 100, 59, 32, 21",2026-04-28,"Local pack, Image pack, Video, People also ask, Popular products, Related searches, Discussions and forums",commercial,Organic
wrought iron fence chicago,18,18,480,11,4.89,https://www.floresfencecompany.com/metal-fence,0,0,0.00,0.03,1050000,"17, 17, 39, 32, 32, 59, 59, 100, 100, 59, 32, 21",2026-04-28,"Local pack, Image pack, Video, People also ask, Popular products, Related searches, Discussions and forums",commercial,Organic
affordable custom fence,66,66,30,57,5.62,https://www.floresfencecompany.com/,0,0,0.00,0.23,18100000,"18, 18, 100, 18, 18, 18, 18, 18, 18, 18, 18, 18",2026-04-20,"Local pack, Video, Image, Popular products, Related searches, Discussions and forums",commercial,Organic
wood fence chicago,33,33,1000,44,0.00,https://www.floresfencecompany.com/wood-fence,0,0,0.00,0,17800000,"13, 5, 7, 36, 20, 54, 100, 79, 54, 24, 54, 30",2026-04-11,"Local pack, Video, People also ask, Popular products, Related searches",commercial,Organic
fence companies near oak lawn il,53,53,50,2,0.00,https://www.floresfencecompany.com/,0,0,0.00,0,2390000,"0, 0, 14, 14, 14, 14, 100, 64, 50, 64, 64, 35",2026-04-15,"Local pack, Video, People also ask, Related searches",commercial,Organic
fence companies near oak lawn il,63,63,50,2,0.00,https://www.floresfencecompany.com/,0,0,0.00,0,2390000,"0, 0, 14, 14, 14, 14, 100, 64, 50, 64, 64, 35",2026-04-15,"Local pack, Video, People also ask, Related searches",commercial,Organic
vinyl fence installation brookfield center,77,77,40,0,0.00,https://www.floresfencecompany.com/vinyl-fence,0,0,0.00,0,437000,"0, 18, 9, 27, 63, 100, 63, 63, 45, 45, 27, 0",2026-04-21,"Local pack, Sitelinks, Video, Related searches",commercial,Organic
south chicago fence company,13,13,40,45,0.00,https://www.floresfencecompany.com/,0,0,0.00,0,114,"100, 100, 100, 100",2026-05-20,"Local pack, Video, People also ask",commercial,Organic
anti scale fence chicago,88,88,210,0,3.05,https://www.floresfencecompany.com/metal-fence,0,0,0.00,0.22,1550000,"14, 10, 10, 29, 14, 14, 66, 81, 54, 81, 100, 100",2026-05-10,"Knowledge panel, Video, People also ask, Related searches, AI overview",informational,Organic
wooden fence panels chicago,12,12,40,24,0.00,https://www.floresfencecompany.com/wood-fence,0,0,0.00,0,6070000,"0, 14, 42, 42, 57, 100, 100, 100, 57, 57, 28",2026-05-07,"Local pack, People also ask, Related searches",commercial,Organic
wooden fence panels chicago,36,36,40,24,0.00,https://www.floresfencecompany.com/,0,0,0.00,0,6070000,"0, 14, 42, 42, 57, 100, 100, 100, 57, 57, 28",2026-05-07,"Local pack, People also ask, Related searches",commercial,Organic
fence repair burwood,97,97,40,8,0.00,https://www.floresfencecompany.com/,0,0,0.00,0,338000,"60, 80, 100, 80, 80",2026-04-15,"Local pack, Sitelinks, Video, Image, People also ask, Related searches",commercial,Organic
chain link fences chicago,8,8,140,10,5.62,https://www.floresfencecompany.com/chain-fence,0,0,0.00,0.37,177,"23, 23, 19, 66, 80, 66, 80, 80, 80, 100, 80, 100",2026-06-03,"Local pack, Video, People also ask, Popular products, Related searches",commercial,Organic
chain link fences chicago,36,36,140,10,5.62,https://www.floresfencecompany.com/,0,0,0.00,0.37,177,"23, 23, 19, 66, 80, 66, 80, 80, 80, 100, 80, 100",2026-06-03,"Local pack, Video, People also ask, Popular products, Related searches",commercial,Organic
fc fence,79,79,50,16,0.00,https://www.floresfencecompany.com/,0,0,0.00,0.16,152,"100, 18, 18, 18, 27, 18, 63, 63, 63, 36, 36, 36",2026-04-26,"Local pack, Sitelinks, Video, People also ask, Related searches",informational,Organic
ornamental iron fence chicago il,82,82,90,5,0.00,https://www.floresfencecompany.com/,0,0,0.00,0,1820000,"29, 17, 41, 29, 23, 11, 82, 100, 64, 100, 82, 82",2026-05-07,"Local pack, Sitelinks, Video, Image, Related searches",commercial,Organic
fence company east ravenswood il,7,7,40,48,0.00,https://www.floresfencecompany.com/,0,0,0.00,0,270000,"0, 0, 0, 0, 36, 81, 100, 27, 36, 45, 36, 45",2026-04-28,"Local pack, Image, Related searches",commercial,Organic
vinyl fence repair chicago,31,31,110,3,0.00,https://www.floresfencecompany.com/vinyl-fence,0,0,0.00,0.33,1490000,"19, 14, 23, 23, 19, 19, 66, 80, 52, 80, 100, 80",2026-05-02,"Local pack, Video, People also ask, Related searches",commercial,Organic
fencing in chicago,19,19,50,44,2.63,https://www.floresfencecompany.com/,0,0,0.00,0.55,125,"11, 11, 100, 11, 19, 3, 26, 3, 19, 26, 19, 15",2026-05-25,"Local pack, Sitelinks, Video, Image, People also ask, Related searches",commercial,Organic
gate installation chicago,27,27,260,8,0.00,https://www.floresfencecompany.com/,0,0,0.00,0.33,111,"28, 28, 23, 66, 82, 66, 100, 100, 53, 66, 53, 66",2026-05-29,"Local pack, Sitelinks, Video, People also ask, Related searches",commercial,Organic
chain link fence chicago,41,41,390,18,0.00,https://www.floresfencecompany.com/chain-fence,0,0,0.00,0.01,6690000,"36, 19, 29, 100, 54, 66, 81, 81, 81, 81, 29, 36",2026-05-08,"Local pack, Sitelinks, Video, People also ask, Related searches, Discussions and forums",commercial,Organic
chicago picket fence,1,1,110,1,0.00,https://www.floresfencecompany.com/wood-fence,0,0,0.00,0,6730000,"19, 14, 23, 23, 19, 9, 66, 80, 52, 80, 100, 100",2026-04-27,"Local pack, Image pack, Video, People also ask, Popular products, Related searches, AI overview",commercial,AI overview
fencing chicago,31,31,260,20,2.63,https://www.floresfencecompany.com/,0,0,0.00,0.55,16200000,"36, 29, 29, 36, 44, 29, 44, 44, 54, 29, 29, 23",2026-04-17,"Local pack, Sitelinks, Video, Image, Related searches",commercial,Organic
metal fence installation near me,80,80,260,50,7.92,https://www.floresfencecompany.com/,0,0,0.00,0.74,212,"35, 29, 81, 43, 43, 43, 100, 100, 66, 66, 54, 18",2026-05-14,"Local pack, Related searches, AI overview",transactional,Organic
vinyl fences rose isle,47,47,40,3,0.00,https://www.floresfencecompany.com/vinyl-fence,0,0,0.00,0,639000,"100, 57, 100, 100, 100, 28, 0, 0, 0, 42, 42, 28",2026-06-02,"Sitelinks, Video, People also ask, Related searches, AI overview",informational,Organic
forever fence,45,45,170,25,3.77,https://www.floresfencecompany.com/,0,0,0.00,0.88,198,"28, 35, 44, 44, 28, 35, 35, 35, 28, 23, 23, 18",2026-05-27,"Local pack, Image pack, Sitelinks, Video, Video Carousel, Related searches",commercial,Organic
top-rated fence contractors chicago 2025,85,85,210,18,0.00,https://www.floresfencecompany.com/work,0,0,0.00,0,9190000,"100, 1, 0",2026-04-27,"Local pack, People also ask, Related searches, Discussions and forums",commercial,Organic
fence company addison il,86,86,40,1,0.00,https://www.floresfencecompany.com/,0,0,0.00,0,1400000,"11, 5, 29, 5, 11, 5, 100, 23, 17, 23, 17, 41",2026-05-08,"Local pack, Sitelinks, Video, Image, People also ask, Related searches",commercial,Organic
industrial metal fencing,83,83,50,17,0.00,https://www.floresfencecompany.com/metal-fence,0,0,0.00,0.34,21700000,"33, 33, 44, 44, 33, 33, 100, 77, 100, 55, 55, 55",2026-05-04,"Local pack, Image pack, Sitelinks, Video, Image, People also ask, Related searches",commercial,Organic
steel fence company chicago,31,31,70,2,0.00,https://www.floresfencecompany.com/,0,0,0.00,0,8420000,"9, 9, 9, 19, 33, 66, 66, 100, 66, 52, 0, 0",2026-05-02,"Local pack, Sitelinks, Video, People also ask, Related searches",commercial,Organic
fence rentals chicago,42,82,70,22,5.96,https://www.floresfencecompany.com/,0,0,0.00,0.69,94,"14, 50, 100, 78, 78, 50, 50, 50, 50, 50, 50, 50",2026-06-04,"Local pack, Sitelinks, People also ask, Related searches",commercial,Organic
show me fencing companies near chicago that do custom work.,76,76,170,27,0.00,https://www.floresfencecompany.com/vinyl-fence,0,0,0.00,0,2230000,"100, 2, 0",2026-04-28,"Local pack, Video, People also ask, Related searches, Discussions and forums",commercial,Organic
fence companies in illinois,4,4,30,44,6.22,https://www.floresfencecompany.com/,0,0,0.00,0.4,114,"0, 1, 15, 6, 6, 1, 5, 5, 5, 5, 3, 3",2026-05-20,"Local pack, Sitelinks, Video, Related searches",commercial,Organic
best commercial fence installation chicago,1,1,30,14,11.74,https://www.floresfencecompany.com/,0,0,0.00,0.03,12400000,"20, 20, 60, 40, 60, 40, 80, 60, 60, 80, 60, 80",2026-04-30,"Local pack, Video, People also ask, Related searches, AI overview",commercial,AI overview
best commercial fence installation chicago,17,17,30,14,11.74,https://www.floresfencecompany.com/,0,0,0.00,0.03,12400000,"20, 20, 60, 40, 60, 40, 80, 60, 60, 80, 60, 80",2026-04-30,"Local pack, Video, People also ask, Related searches, AI overview",commercial,Organic
fence installation chicago il,85,85,390,31,11.74,https://www.floresfencecompany.com/metal-fence,0,0,0.00,0.03,16900000,"1, 1, 6, 6, 6, 100, 16, 45, 45, 20, 20, 20",2026-04-23,"Local pack, Sitelinks, Video, Image, Related searches, AI overview",commercial,Organic
classic fence illinois,62,62,40,23,5.80,https://www.floresfencecompany.com/,0,0,0.00,0.43,5060000,"14, 52, 0, 0, 23, 4, 0, 52, 9, 23, 19, 14",2026-04-20,"Local pack, Sitelinks, Video, Image, Related searches",navigational,Organic
chicago wrought iron fence,14,14,110,16,4.89,https://www.floresfencecompany.com/metal-fence,0,0,0.00,0.03,1100000,"29, 23, 41, 41, 29, 23, 100, 100, 64, 100, 82, 82",2026-04-21,"Local pack, Image pack, Video, Popular products, Related searches",commercial,Organic
best chicago fence rental companies,20,20,210,13,0.00,https://www.floresfencecompany.com/,0,0,0.00,0,122,"100, 100",2026-05-26,"Local pack, Sitelinks, Related searches, Discussions and forums, AI overview",commercial,Organic
illinois fence contractor,52,52,40,37,0.00,https://www.floresfencecompany.com/,0,0,0.00,0,6360000,"60, 80, 100, 100",2026-04-16,"Knowledge panel, Sitelinks, Video, Image, Related searches",informational,Organic
iron fence chicago,44,44,1600,11,6.74,https://www.floresfencecompany.com/,0,0,0.00,0.01,171,"1, 0, 1, 8, 2, 2, 19, 5, 100, 54, 1, 2",2026-05-25,"Local pack, Sitelinks, People also ask, Popular products, Related searches",commercial,Organic
iron fence chicago,54,54,1600,11,6.74,https://www.floresfencecompany.com/,0,0,0.00,0.01,171,"1, 0, 1, 8, 2, 2, 19, 5, 100, 54, 1, 2",2026-05-25,"Local pack, Sitelinks, People also ask, Popular products, Related searches",commercial,Organic
fence companies near my location,67,67,70,58,15.36,https://www.floresfencecompany.com/,0,0,0.00,0.66,192000000,"26, 19, 42, 42, 34, 26, 34, 26, 26, 19, 11, 19",2026-04-23,"Local pack, People also ask, Related searches",commercial,Organic
chain link fence edgebrook,6,6,40,2,0.00,https://www.floresfencecompany.com/chain-fence,0,0,0.00,0,11200,"0, 42, 100, 100, 71, 0, 71",2026-05-20,"Local pack, People also ask, Related searches",commercial,Organic
fence contractor east ravenswood il,9,9,40,37,0.00,https://www.floresfencecompany.com/,0,0,0.00,0,84800,"14, 0, 0, 7, 21, 50, 100, 21, 28, 35, 28, 28",2026-05-08,"Local pack, Video, Image, People also ask, Related searches",commercial,Organic
steel fence near me,56,56,110,33,6.57,https://www.floresfencecompany.com/metal-fence,0,0,0.00,0.41,73500000,"6, 6, 15, 15, 6, 4, 19, 23, 12, 19, 19, 23",2026-05-02,"Local pack, Video, Image, People also ask, Related searches",transactional,Organic
vinyl fence install near me,52,52,70,28,7.96,https://www.floresfencecompany.com/,0,0,0.00,0.5,13000000,"1, 2, 4, 5, 6, 2, 12, 15, 15, 6, 9, 15",2026-04-24,"Local pack, Sitelinks, Video, Image, Ads top, Ads bottom, People also ask, Related searches",transactional,Organic
chicago wood fence,7,7,110,18,0.00,https://www.floresfencecompany.com/wood-fence,0,0,0.00,0,171,"19, 14, 23, 33, 33, 14, 66, 80, 52, 80, 100, 80",2026-05-10,"Local pack, Video, People also ask, Related searches",commercial,Organic
chicago wood fence,27,27,110,18,0.00,https://www.floresfencecompany.com/,0,0,0.00,0,171,"19, 14, 23, 33, 33, 14, 66, 80, 52, 80, 100, 80",2026-05-10,"Local pack, Video, People also ask, Related searches",commercial,Organic
privacy fence repair near me,93,93,110,25,5.46,https://www.floresfencecompany.com/,0,0,0.00,0.87,58000000,"5, 7, 26, 17, 14, 14, 17, 17, 9, 4, 5, 4",2026-04-19,"Local pack, Sitelinks, Video, Related searches",transactional,Organic
fence installers chicago,4,4,30,29,11.74,https://www.floresfencecompany.com/,0,0,0.00,0.03,112,"1, 0, 1, 3, 3, 1, 3, 3, 7, 3, 5, 4",2026-05-16,"Local pack, Sitelinks, Video, Related searches, Discussions and forums",commercial,Organic
evanston fence company,25,0,110,7,6.14,https://www.floresfencecompany.com/,0,0,0.00,0.31,140,"3, 3, 3, 28, 11, 18, 11, 15, 23, 35, 28, 35",2026-06-04,"Knowledge panel, Sitelinks, Video, People also ask, Related searches",navigational,Organic
chicago iron fence,13,13,170,19,6.74,https://www.floresfencecompany.com/metal-fence,0,0,0.00,0.01,7830000,"18, 0, 2, 2, 0, 4, 43, 100, 100, 54, 35, 14",2026-05-12,"Local pack, Image pack, Sitelinks, Video, Related searches",commercial,Organic
south chicago wood fence,25,25,40,46,0.00,https://www.floresfencecompany.com/,0,0,0.00,0,14000000,"60, 100, 100, 100",2026-04-18,"Local pack, Popular products, Related searches",commercial,Organic
oak lawn fence company,22,22,40,2,12.65,https://www.floresfencecompany.com/,0,0,0.00,0.61,17200000,"11, 11, 11, 11, 11, 11, 82, 64, 29, 11, 29, 11",2026-05-03,"Local pack, Sitelinks, Video, Image, People also ask, Related searches",commercial,Organic
flowers fencing,66,66,70,26,3.18,https://www.floresfencecompany.com/,0,0,0.00,0.65,31600000,"0, 2, 5, 53, 100, 5, 7, 5, 5, 2, 0, 0",2026-05-03,"Knowledge panel, Sitelinks, Video, Video Carousel, Related searches",commercial,Organic
chicago commercial fence,33,33,90,26,0.00,https://www.floresfencecompany.com/,0,0,0.00,0,16000000,"5, 11, 23, 29, 41, 100, 82, 100, 100, 41, 23, 29",2026-04-27,"Local pack, Sitelinks, Video, Image, Related searches, AI overview",commercial,Organic
vinyl fence installers chicago area,35,35,90,6,0.00,https://www.floresfencecompany.com/vinyl-fence,0,0,0.00,0,2620000,"100, 3, 0",2026-05-04,"Local pack, Video, People also ask, Related searches, Discussions and forums",commercial,Organic
backyard fence installation,54,54,210,56,7.86,https://www.floresfencecompany.com/,0,0,0.00,0.56,123000000,"23, 66, 66, 66, 82, 82, 53, 66, 100, 66, 35, 35",2026-05-09,"Local pack, Video, Video Carousel, People also ask, Related searches, Discussions and forums, AI overview",commercial,Organic
south chicago vinyl fence,27,27,40,28,0.00,https://www.floresfencecompany.com/vinyl-fence,0,0,0.00,0,1580000,"60, 80, 80, 100",2026-04-18,"Local pack, Sitelinks, Video, Popular products, Related searches, AI overview",commercial,Organic
south chicago vinyl fence,54,54,40,28,0.00,https://www.floresfencecompany.com/,0,0,0.00,0,1580000,"60, 80, 80, 100",2026-04-18,"Local pack, Sitelinks, Video, Popular products, Related searches, AI overview",commercial,Organic
affordable fence repairs,44,44,40,39,0.00,https://www.floresfencecompany.com/,0,0,0.00,0,26700000,"0, 42, 28, 28, 42, 28, 100, 100, 57, 14, 57, 100",2026-04-27,"Local pack, Sitelinks, Video, Video Carousel, People also ask, Related searches, Discussions and forums, AI overview",commercial,Organic
affordable fence repairs,48,48,40,39,0.00,https://www.floresfencecompany.com/,0,0,0.00,0,26700000,"0, 42, 28, 28, 42, 28, 100, 100, 57, 14, 57, 100",2026-04-27,"Local pack, Sitelinks, Video, Video Carousel, People also ask, Related searches, Discussions and forums, AI overview",commercial,Organic
residential security fences chicago,15,15,70,42,0.00,https://www.floresfencecompany.com/,0,0,0.00,0,112,"0, 0, 0, 0, 5, 23, 82, 100, 64, 100, 100, 100",2026-05-20,"Local pack, Video, People also ask, Related searches",commercial,Organic
fence company north halsted chicago il,17,17,40,0,0.00,https://www.floresfencecompany.com/,0,0,0.00,0.33,123000,"5, 5, 5, 5, 5, 5, 41, 29, 17, 23, 100, 23",2026-05-08,"Local pack, Video, Image, People also ask, Related searches",commercial,Organic
fence instalation,83,83,170,52,8.92,https://www.floresfencecompany.com/,0,0,0.00,0.58,109000000,"1, 1, 1, 2, 2, 20, 24, 0, 0, 0, 0, 1",2026-05-14,"Local pack, Image pack, Video, People also ask, Related searches",commercial,Organic
top chicago fence rental companies,18,18,90,4,0.00,https://www.floresfencecompany.com/,0,0,0.00,0,10200000,"66, 100, 17, 0, 2, 0, 0",2026-05-05,"Local pack, Sitelinks, Video, Related searches, AI overview","commercial, informational",Organic
fence builder melrose park,17,17,90,3,0.00,https://www.floresfencecompany.com/,0,0,0.00,0,104,"19, 14, 19, 19, 4, 4, 100, 80, 42, 66, 42, 80",2026-04-28,"Local pack, Sitelinks, Image, People also ask, Related searches",commercial,Organic
wood fence installation chicago,42,42,210,25,0.00,https://www.floresfencecompany.com/wood-fence,0,0,0.00,0.33,115,"7, 5, 12, 17, 28, 28, 82, 82, 66, 100, 100, 100",2026-05-24,"Local pack, Sitelinks, Video, People also ask, Related searches",commercial,Organic
wood fence in the city of chicago,31,31,170,18,0.00,https://www.floresfencecompany.com/wood-fence,0,0,0.00,0,140,"3, 34, 81, 81, 34, 53, 53, 65, 81, 43, 21, 21",2026-05-22,"Local pack, Sitelinks, People also ask, Related searches, Discussions and forums, AI overview",informational,Organic
wood fence in the city of chicago,72,72,170,18,0.00,https://www.floresfencecompany.com/,0,0,0.00,0,140,"3, 34, 81, 81, 34, 53, 53, 65, 81, 43, 21, 21",2026-05-22,"Local pack, Sitelinks, People also ask, Related searches, Discussions and forums, AI overview",informational,Organic
south chicago garden fence,9,9,40,3,0.00,https://www.floresfencecompany.com/,0,0,0.00,0,9010000,"100, 100, 100",2026-04-18,"Local pack, Video, Popular products, Related searches, Discussions and forums",commercial,Local pack
south chicago garden fence,28,28,40,3,0.00,https://www.floresfencecompany.com/,0,0,0.00,0,9010000,"100, 100, 100",2026-04-18,"Local pack, Video, Popular products, Related searches, Discussions and forums",commercial,Organic
wooden fence chicago,5,5,50,29,0.00,https://www.floresfencecompany.com/,0,0,0.00,0,176,"0, 11, 11, 44, 77, 55, 55, 77, 100, 100, 55, 55",2026-05-20,"Local pack, Sitelinks, Video, People also ask, Popular products, Related searches",commercial,Organic
wooden fence chicago,33,33,50,29,0.00,https://www.floresfencecompany.com/wood-fence,0,0,0.00,0,176,"0, 11, 11, 44, 77, 55, 55, 77, 100, 100, 55, 55",2026-05-20,"Local pack, Sitelinks, Video, People also ask, Popular products, Related searches",commercial,Organic
wrought iron fence chicago illinois,13,13,90,15,0.00,https://www.floresfencecompany.com/metal-fence,0,0,0.00,0,580000,"23, 17, 29, 29, 23, 17, 82, 100, 64, 100, 82, 100",2026-05-07,"Local pack, Video, Image, Related searches",commercial,Organic
wrought iron fence chicago illinois,75,75,90,15,0.00,https://www.floresfencecompany.com/,0,0,0.00,0,580000,"23, 17, 29, 29, 23, 17, 82, 100, 64, 100, 82, 100",2026-05-07,"Local pack, Video, Image, Related searches",commercial,Organic
wrought iron fence chicago illinois,89,89,90,15,0.00,https://www.floresfencecompany.com/,0,0,0.00,0,580000,"23, 17, 29, 29, 23, 17, 82, 100, 64, 100, 82, 100",2026-05-07,"Local pack, Video, Image, Related searches",commercial,Organic
wrought iron fence chicago illinois,96,96,90,15,0.00,https://www.floresfencecompany.com/,0,0,0.00,0,580000,"23, 17, 29, 29, 23, 17, 82, 100, 64, 100, 82, 100",2026-05-07,"Local pack, Video, Image, Related searches",commercial,Organic
commercial fence chicago,29,29,480,8,0.00,https://www.floresfencecompany.com/,0,0,0.00,0,16800000,"1, 6, 24, 30, 36, 100, 24, 55, 45, 20, 16, 10",2026-05-09,"Local pack, Sitelinks, Video, Image, Related searches",commercial,Organic
industrial fencing company chicago,25,25,480,50,0.00,https://www.floresfencecompany.com/,0,0,0.00,0,111,"6, 1, 3, 3, 6, 67, 36, 100, 76, 45, 100, 30",2026-05-21,"Local pack, Video, People also ask, Related searches",commercial,Organic
flores fence supply,9,9,90,30,2.81,https://www.floresfencecompany.com/,0,0,0.00,0.11,2460000,"29, 41, 52, 64, 52, 52, 52, 52, 52, 29, 52, 52",2026-04-20,"Local pack, Sitelinks, Video, Image, Related searches",commercial,Organic
flores fence supply,39,39,90,30,2.81,https://www.floresfencecompany.com/vinyl-fence,0,0,0.00,0.11,2460000,"29, 41, 52, 64, 52, 52, 52, 52, 52, 29, 52, 52",2026-04-20,"Local pack, Sitelinks, Video, Image, Related searches",commercial,Organic
flores fence supply,45,45,90,30,2.81,https://www.floresfencecompany.com/about,0,0,0.00,0.11,2460000,"29, 41, 52, 64, 52, 52, 52, 52, 52, 29, 52, 52",2026-04-20,"Local pack, Sitelinks, Video, Image, Related searches",commercial,Organic
flores fence supply,50,50,90,30,2.81,https://www.floresfencecompany.com/work,0,0,0.00,0.11,2460000,"29, 41, 52, 64, 52, 52, 52, 52, 52, 29, 52, 52",2026-04-20,"Local pack, Sitelinks, Video, Image, Related searches",commercial,Organic
flores fence supply,64,64,90,30,2.81,https://www.floresfencecompany.com/contact,0,0,0.00,0.11,2460000,"29, 41, 52, 64, 52, 52, 52, 52, 52, 29, 52, 52",2026-04-20,"Local pack, Sitelinks, Video, Image, Related searches",commercial,Organic
fence post installation near me,34,34,140,39,6.02,https://www.floresfencecompany.com/,0,0,0.00,0.71,37400000,"23, 66, 100, 66, 33, 23, 80, 80, 66, 100, 52, 52",2026-05-01,"Local pack, Sitelinks, Video, People also ask, Related searches",transactional,Organic
wood fence edgebrook,8,8,50,1,0.00,https://www.floresfencecompany.com/wood-fence,0,0,0.00,0,63600,"0, 42, 100, 100, 100, 100, 71",2026-05-07,"Local pack, Image pack, Sitelinks, Video, People also ask, Related searches",commercial,Image pack
wood fence edgebrook,10,10,50,1,0.00,https://www.floresfencecompany.com/wood-fence,0,0,0.00,0,63600,"0, 42, 100, 100, 100, 100, 71",2026-05-07,"Local pack, Image pack, Sitelinks, Video, People also ask, Related searches",commercial,Organic
vinyl fence installation niles,40,40,40,0,0.00,https://www.floresfencecompany.com/vinyl-fence,0,0,0.00,0,154,"11, 0, 0, 0, 11, 11, 77, 77, 100, 77, 77, 77",2026-05-16,"Local pack, Video, People also ask, Related searches",commercial,Organic
flower mound fence company,57,57,40,4,15.73,https://www.floresfencecompany.com/,0,0,0.00,0.63,116,"22, 22, 77, 22, 22, 22, 33, 33, 55, 33, 44, 77",2026-05-20,"Local pack, Video, People also ask, Related searches",commercial,Organic
des plaines fence company,54,54,70,24,8.24,https://www.floresfencecompany.com/,0,0,0.00,0.3,120,"15, 21, 21, 28, 34, 34, 28, 21, 21, 15, 9, 12",2026-05-18,"Knowledge panel, Sitelinks, Video, People also ask, Related searches",navigational,Organic
chain link fence rental near chicago,62,62,140,16,0.00,https://www.floresfencecompany.com/chain-fence,0,0,0.00,0,1170000,"81, 100, 18, 0, 0, 0, 0",2026-05-03,"Local pack, Sitelinks, Related searches",commercial,Organic
fence companies illinois,33,33,30,24,6.22,https://www.floresfencecompany.com/,0,0,0.00,0.4,19500000,"4, 7, 1, 7, 4, 2, 2, 2, 3, 2, 3, 3",2026-04-16,"Local pack, Sitelinks, Video, Image, Related searches, AI overview",commercial,Organic
chicago steel fence,1,1,590,5,0.00,https://www.floresfencecompany.com/metal-fence,0,0,0.00,0,8000000,"5, 8, 30, 16, 10, 62, 36, 100, 62, 36, 36, 36",2026-04-29,"Local pack, Sitelinks, Video, Video Carousel, People also ask, Related searches, AI overview",commercial,AI overview
vinyl fence chicago,51,51,1300,6,3.55,https://www.floresfencecompany.com/vinyl-fence,0,0,0.00,0.06,185,"36, 54, 79, 54, 100, 66, 36, 54, 30, 24, 24, 20",2026-06-02,"Local pack, Video, People also ask, Popular products, Related searches",commercial,Organic
perimeter fence chicago,20,20,90,27,0.00,https://www.floresfencecompany.com/,0,0,0.00,0,2750000,"0, 0, 0, 82, 100, 64, 82, 100, 82",2026-04-30,"Local pack, Sitelinks, Video, People also ask, Related searches, AI overview",informational,Organic
perimeter fence chicago,37,37,90,27,0.00,https://www.floresfencecompany.com/metal-fence,0,0,0.00,0,2750000,"0, 0, 0, 82, 100, 64, 82, 100, 82",2026-04-30,"Local pack, Sitelinks, Video, People also ask, Related searches, AI overview",informational,Organic
perimeter fence chicago,44,44,90,27,0.00,https://www.floresfencecompany.com/metal-fence,0,0,0.00,0,2750000,"0, 0, 0, 82, 100, 64, 82, 100, 82",2026-04-30,"Local pack, Sitelinks, Video, People also ask, Related searches, AI overview",informational,Organic
vinyl fence installation chicago,33,33,1300,21,0.00,https://www.floresfencecompany.com/vinyl-fence,0,0,0.00,0,127,"4, 5, 29, 13, 13, 100, 22, 43, 36, 29, 43, 29",2026-04-11,"Local pack, Video, People also ask, Related searches",commercial,Organic
madison county il fence company,90,90,40,7,0.00,https://www.floresfencecompany.com/,0,0,0.00,0,5090000,"40, 80, 100, 60",2026-05-14,"Local pack, Sitelinks, Video, People also ask, Related searches",commercial,Organic
fence i,50,50,170,39,5.57,https://www.floresfencecompany.com/,0,0,0.00,0.38,582000000,"23, 43, 100, 53, 100, 43, 66, 35, 5, 5, 5, 5",2026-05-02,"Image pack, Sitelinks, Video, Image, Video Carousel, Related searches",commercial,Organic
fence showroom near me,82,82,50,43,3.14,https://www.floresfencecompany.com/,0,0,0.00,0.97,12600000,"3, 3, 6, 5, 6, 3, 8, 3, 2, 1, 1, 1",2026-04-26,"Local pack, Image, People also ask, Related searches",transactional,Organic
fence company oak lawn il,42,42,70,2,12.65,https://www.floresfencecompany.com/,0,0,0.00,0.61,2170000,"5, 5, 5, 5, 5, 5, 100, 23, 17, 23, 23, 12",2026-04-16,"Local pack, Video, People also ask, Related searches",commercial,Organic
cheap fence repair,39,39,30,27,12.43,https://www.floresfencecompany.com/,0,0,0.00,1,69400000,"11, 17, 41, 23, 17, 17, 11, 11, 11, 11, 11, 11",2026-05-12,"Local pack, Sitelinks, Video, Video Carousel, People also ask, Related searches, Discussions and forums",commercial,Organic
chicago vinyl fence,44,44,2900,7,3.55,https://www.floresfencecompany.com/vinyl-fence,0,0,0.00,0.06,180,"16, 13, 44, 8, 19, 100, 54, 66, 10, 10, 8, 4",2026-06-03,"Local pack, Sitelinks, Video, People also ask, Popular products, Related searches",commercial,Organic
fence company lincolnwood,24,24,50,0,0.00,https://www.floresfencecompany.com/,0,0,0.00,0,181000,"11, 7, 26, 26, 26, 7, 100, 7, 3, 11, 7, 26",2026-04-20,"Local pack, Video, Image, Related searches",commercial,Organic
composite fences chicago il,77,77,40,0,0.00,https://www.floresfencecompany.com/,0,0,0.00,0,112,"14, 28, 28, 14, 57, 100, 100, 71, 71, 42",2026-05-08,"Local pack, Sitelinks, Video, People also ask, Related searches, AI overview",informational,Organic
best chicago fence rental company,46,46,90,14,0.00,https://www.floresfencecompany.com/,0,0,0.00,0,114,"81, 100, 15, 3, 0, 0, 0",2026-05-17,"Local pack, People also ask, Related searches",commercial,Organic
best chicago fence rental company,54,54,90,14,0.00,https://www.floresfencecompany.com/,0,0,0.00,0,114,"81, 100, 15, 3, 0, 0, 0",2026-05-17,"Local pack, People also ask, Related searches",commercial,Organic
wrought iron fence repair chicago,46,46,70,3,0.00,https://www.floresfencecompany.com/,0,0,0.00,0.66,515000,"28, 14, 21, 14, 35, 14, 78, 64, 100, 64, 64, 64",2026-05-10,"Local pack, Sitelinks, People also ask, Related searches",commercial,Organic
melrose park fence builders,17,17,70,2,0.00,https://www.floresfencecompany.com/,0,0,0.00,0,444000,"29, 17, 29, 23, 0, 5, 82, 100, 52, 82, 41, 82",2026-05-07,"Local pack, Video, Image, Related searches",commercial,Organic
best chain link fences in chicago,1,1,210,6,0.00,https://www.floresfencecompany.com/chain-fence,0,0,0.00,0,112,"2, 22, 66, 66, 29, 66, 54, 100, 81, 29, 14, 18",2026-04-20,"Local pack, Video, People also ask, Related searches, Discussions and forums, AI overview",commercial,AI overview
best chain link fences in chicago,6,6,210,6,0.00,https://www.floresfencecompany.com/chain-fence,0,0,0.00,0,112,"2, 22, 66, 66, 29, 66, 54, 100, 81, 29, 14, 18",2026-04-20,"Local pack, Video, People also ask, Related searches, Discussions and forums, AI overview",commercial,Organic
best chain link fences in chicago,34,34,210,6,0.00,https://www.floresfencecompany.com/chain-fence,0,0,0.00,0,112,"2, 22, 66, 66, 29, 66, 54, 100, 81, 29, 14, 18",2026-04-20,"Local pack, Video, People also ask, Related searches, Discussions and forums, AI overview",commercial,Organic
chicago chain link fence,34,34,260,13,0.00,https://www.floresfencecompany.com/,0,0,0.00,0.01,173,"6, 6, 9, 15, 23, 44, 54, 100, 66, 36, 23, 36",2026-04-20,"Local pack, Video, Image, Popular products, Related searches",commercial,Organic
cicero il fence companies,17,17,50,11,0.00,https://www.floresfencecompany.com/,0,0,0.00,0,986000,"14, 7, 0, 0, 0, 0, 64, 100, 64, 78, 100, 100",2026-04-15,"Local pack, Image, Related searches",commercial,Organic
invisible fence chicago,58,58,40,14,4.27,https://www.floresfencecompany.com/,0,0,0.00,0.6,160,"63, 63, 45, 45, 18, 18, 18, 18, 45, 36, 18, 18",2026-06-03,"Knowledge panel, Video, People also ask, Related searches",informational,Organic
chicago residential aluminum fences,10,10,30,1,4.81,https://www.floresfencecompany.com/metal-fence,0,0,0.00,0.93,176,"14, 14, 14, 14, 42, 28, 100, 57, 71, 71, 42, 42",2026-05-01,"Local pack, Video, Related searches, AI overview",commercial,Organic
chicago residential aluminum fences,14,14,30,1,4.81,https://www.floresfencecompany.com/metal-fence,0,0,0.00,0.93,176,"14, 14, 14, 14, 42, 28, 100, 57, 71, 71, 42, 42",2026-05-01,"Local pack, Video, Related searches, AI overview",commercial,Organic
chicago residential aluminum fences,34,34,30,1,4.81,https://www.floresfencecompany.com/metal-fence,0,0,0.00,0.93,176,"14, 14, 14, 14, 42, 28, 100, 57, 71, 71, 42, 42",2026-05-01,"Local pack, Video, Related searches, AI overview",commercial,Organic
fence companies in berwyn il,62,62,40,1,0.00,https://www.floresfencecompany.com/,0,0,0.00,0,531000,"0, 0, 0, 0, 0, 0, 0, 0, 50, 78, 100, 100",2026-04-28,"Local pack, Video, Image, People also ask, Related searches",commercial,Organic
commercial fence builders chicago,14,14,90,30,0.00,https://www.floresfencecompany.com/,0,0,0.00,0,3080000,"0, 17, 52, 29, 64, 82, 82, 100, 100, 41, 29, 41",2026-04-18,"Local pack, Sitelinks, Video, Related searches, AI overview",commercial,Organic
wood fence installer near me,44,44,90,58,7.12,https://www.floresfencecompany.com/,0,0,0.00,0.65,130000000,"5, 1, 5, 5, 11, 23, 44, 23, 15, 8, 8, 15",2026-04-21,"Local pack, Sitelinks, Image, People also ask, Related searches",transactional,Organic
affordable fence company,66,66,390,36,7.24,https://www.floresfencecompany.com/,0,0,0.00,0.51,54100000,"24, 16, 36, 45, 45, 55, 36, 30, 36, 24, 24, 20",2026-05-09,"Local pack, Video, Image, People also ask, Related searches",commercial,Organic
vinyl fencing chicago,41,41,210,16,0.00,https://www.floresfencecompany.com/vinyl-fence,0,0,0.00,0.1,173,"15, 15, 12, 65, 100, 81, 81, 100, 81, 81, 81, 100",2026-06-02,"Local pack, Video, People also ask, Popular products",commercial,Organic
flower mount vinyl fence company,25,25,40,0,0.00,https://www.floresfencecompany.com/vinyl-fence,0,0,0.00,0,7750000,"0, 14, 14, 14, 28, 42, 100, 42, 57, 71, 100, 100",2026-04-28,"Local pack, Video Carousel, People also ask, Related searches, AI overview",informational,Organic
flower mount vinyl fence company,52,52,40,0,0.00,https://www.floresfencecompany.com/vinyl-fence,0,0,0.00,0,7750000,"0, 14, 14, 14, 28, 42, 100, 42, 57, 71, 100, 100",2026-04-28,"Local pack, Video Carousel, People also ask, Related searches, AI overview",informational,Organic
fence company oak lawn,30,30,30,2,12.65,https://www.floresfencecompany.com/,0,0,0.00,0.61,106,"9, 9, 0, 0, 0, 9, 42, 33, 14, 4, 23, 9",2026-05-17,"Local pack, Video, People also ask, Related searches",commercial,Organic
commercial fence companies chicago,14,14,70,30,0.00,https://www.floresfencecompany.com/,0,0,0.00,0,11500000,"5, 11, 23, 29, 41, 82, 82, 100, 82, 41, 17, 23",2026-04-27,"Local pack, Sitelinks, Video, Image, Related searches",commercial,Organic
chicago fencing,32,32,90,19,2.63,https://www.floresfencecompany.com/,0,0,0.00,0.55,12700000,"35, 35, 100, 100, 100, 28, 50, 35, 78, 50, 50, 35",2026-04-29,"Local pack, Sitelinks, Video, Image, Related searches",commercial,Organic
flores fencing,57,57,170,27,3.90,https://www.floresfencecompany.com/work,0,0,0.00,0.15,4690000,"28, 34, 100, 65, 65, 53, 53, 43, 53, 34, 43, 28",2026-04-23,"Local pack, Sitelinks, Video, Related searches",commercial,Organic
chain link fence chicago il,38,14,210,14,5.62,https://www.floresfencecompany.com/,0,0,0.00,0.37,177,"100, 66, 44, 44, 81, 66, 28, 5, 5, 6, 11, 5",2026-06-04,"Local pack, Video, People also ask, Popular products, Related searches",commercial,Organic
vinyl fence around me,38,38,50,34,0.00,https://www.floresfencecompany.com/,0,0,0.00,0,24900000,"100, 60, 60, 100, 100",2026-05-07,"Local pack, Sitelinks, Video, Image, People also ask, Related searches",commercial,Organic
fence building near me,48,48,320,50,8.62,https://www.floresfencecompany.com/,0,0,0.00,0.26,289000000,"10, 7, 8, 8, 8, 5, 8, 7, 10, 8, 5, 5",2026-04-19,"Local pack, Video, People also ask, Related searches",transactional,Organic
fence contractor evanston,47,47,90,7,0.00,https://www.floresfencecompany.com/,0,0,0.00,0,605000,"19, 19, 23, 14, 4, 9, 66, 80, 52, 80, 100, 100",2026-05-07,"Knowledge panel, Sitelinks, Video, Image, People also ask, Related searches, AI overview",commercial,Organic
fence contractor evanston,56,56,90,7,0.00,https://www.floresfencecompany.com/,0,0,0.00,0,605000,"19, 19, 23, 14, 4, 9, 66, 80, 52, 80, 100, 100",2026-05-07,"Knowledge panel, Sitelinks, Video, Image, People also ask, Related searches, AI overview",commercial,Organic
high security fence chicago,51,51,320,3,0.00,https://www.floresfencecompany.com/,0,0,0.00,0,197,"10, 10, 6, 66, 81, 66, 81, 81, 81, 66, 81, 100",2026-05-28,"Local pack, Video, Popular products, Related searches",informational,Organic
custom fences chicago,9,9,50,29,0.00,https://www.floresfencecompany.com/,0,0,0.00,0,120,"18, 18, 18, 18, 18, 18, 81, 81, 81, 81, 100, 81",2026-05-20,"Local pack, Video, People also ask, Related searches",commercial,Organic
fence installation chicagoland,60,60,140,46,11.74,https://www.floresfencecompany.com/chain-fence,0,0,0.00,0.03,61100000,"3, 3, 1, 5, 8, 3, 35, 54, 100, 23, 18, 15",2026-05-03,"Local pack, Sitelinks, Video, People also ask, Related searches",commercial,Organic
fence installation chicagoland,85,85,140,46,11.74,https://www.floresfencecompany.com/work,0,0,0.00,0.03,61100000,"3, 3, 1, 5, 8, 3, 35, 54, 100, 23, 18, 15",2026-05-03,"Local pack, Sitelinks, Video, People also ask, Related searches",commercial,Organic
wooden fence company near me,55,55,320,43,7.52,https://www.floresfencecompany.com/,0,0,0.00,0.51,212,"8, 20, 55, 36, 30, 30, 20, 13, 24, 10, 10, 10",2026-05-09,"Local pack, People also ask, Related searches",transactional,Organic
custom metal fence,65,65,110,8,2.85,https://www.floresfencecompany.com/metal-fence,0,0,0.00,1,223,"28, 35, 17, 23, 35, 28, 28, 35, 53, 53, 17, 23",2026-06-01,"Local pack, Sitelinks, Video, Image, Ads bottom, Popular products, Related searches",commercial,Organic
aluminum fences chicago,18,0,390,6,5.07,https://www.floresfencecompany.com/metal-fence,0,0,0.00,0.1,172,"19, 10, 54, 54, 100, 81, 44, 44, 36, 29, 36, 23",2026-06-05,"Local pack, Sitelinks, Video, People also ask, Popular products, Related searches",commercial,Organic
commercial fence company chicago,23,23,590,46,19.19,https://www.floresfencecompany.com/,0,0,0.00,0.24,109,"14, 7, 26, 100, 48, 88, 59, 100, 100, 59, 72, 32",2026-04-23,"Local pack, Sitelinks, Video, Image, Related searches, AI overview",informational,Organic
wood fence repair companies near me,76,76,90,37,7.75,https://www.floresfencecompany.com/,0,0,0.00,0.79,37300000,"19, 26, 65, 42, 26, 53, 53, 65, 34, 19, 19, 11",2026-05-12,"Local pack, Sitelinks, Video, People also ask, Related searches",transactional,Organic
chicago residential security fence,13,13,90,13,0.00,https://www.floresfencecompany.com/metal-fence,0,0,0.00,0,181,"0, 0, 0, 0, 17, 23, 82, 100, 64, 100, 100, 100",2026-05-20,"Local pack, Video, Popular products, Related searches",commercial,Organic
chicago residential security fence,38,38,90,13,0.00,https://www.floresfencecompany.com/,0,0,0.00,0,181,"0, 0, 0, 0, 17, 23, 82, 100, 64, 100, 100, 100",2026-05-20,"Local pack, Video, Popular products, Related searches",commercial,Organic
vinyl fence edgebrook,30,30,50,21,0.00,https://www.floresfencecompany.com/vinyl-fence,0,0,0.00,0,15100,"0, 42, 100, 100, 100, 71, 71",2026-05-20,"Local pack, Sitelinks, Video, People also ask, Related searches",commercial,Organic
fencing evergreen park il,100,100,40,1,0.00,https://www.floresfencecompany.com/,0,0,0.00,0.33,113,"0, 0, 0, 0, 0, 0, 0, 0, 100, 100, 100, 81",2026-04-28,"Local pack, Sitelinks, Image, Related searches",commercial,Organic
fence repairs near me,45,45,1300,30,8.48,https://www.floresfencecompany.com/,0,0,0.00,0.51,24500000,"16, 4, 5, 29, 12, 4, 8, 19, 44, 23, 23, 12",2026-04-21,"Local pack, Sitelinks, People also ask, Related searches",transactional,Organic
fence company skokie,20,20,140,5,0.00,https://www.floresfencecompany.com/,0,0,0.00,0.66,111,"9, 33, 42, 33, 23, 100, 80, 52, 100, 100, 100, 100",2026-05-27,"Local pack, People also ask, Related searches",commercial,Organic
security fencing chicago il,19,19,90,38,0.00,https://www.floresfencecompany.com/,0,0,0.00,0,142,"0, 0, 0, 0, 11, 23, 82, 100, 64, 100, 100, 100",2026-05-20,"Local pack, Sitelinks, Video, Related searches",commercial,Organic
security fencing chicago il,20,20,90,38,0.00,https://www.floresfencecompany.com/,0,0,0.00,0,142,"0, 0, 0, 0, 11, 23, 82, 100, 64, 100, 100, 100",2026-05-20,"Local pack, Sitelinks, Video, Related searches",commercial,Organic
chain link fence repair near me,64,64,1000,28,5.76,https://www.floresfencecompany.com/chain-fence,0,0,0.00,0.84,234,"45, 55, 81, 81, 81, 81, 62, 81, 45, 45, 30, 20",2026-05-10,"Local pack, Video, People also ask, Related searches, AI overview",transactional,Organic
fence installation chicago,87,87,720,32,11.74,https://www.floresfencecompany.com/metal-fence,0,0,0.00,0.03,60400000,"13, 11, 20, 16, 25, 37, 52, 68, 100, 68, 46, 37",2026-04-23,"Local pack, Sitelinks, Video, People also ask, Related searches, Discussions and forums",commercial,Organic
south chicago fence contractor,19,19,40,26,0.00,https://www.floresfencecompany.com/,0,0,0.00,0,3610000,"75, 100, 100, 100",2026-04-18,"Local pack, Video, Image, People also ask, Related searches",commercial,Organic
south chicago fence contractor,24,24,40,26,0.00,https://www.floresfencecompany.com/,0,0,0.00,0,3610000,"75, 100, 100, 100",2026-04-18,"Local pack, Video, Image, People also ask, Related searches",commercial,Organic
commercial fence contractors chicago,10,10,90,30,21.92,https://www.floresfencecompany.com/,0,0,0.00,0.09,3570000,"4, 14, 23, 23, 52, 80, 80, 100, 66, 52, 19, 19",2026-04-21,"Local pack, People also ask, Related searches",commercial,Organic
fence supply chicago,24,24,90,38,1.96,https://www.floresfencecompany.com/,0,0,0.00,0.2,14100000,"4, 3, 1, 1, 1, 1, 10, 13, 6, 8, 10, 8",2026-04-11,"Local pack, Sitelinks, Image, Related searches",commercial,Organic
picket fence chicago,6,6,110,0,0.00,https://www.floresfencecompany.com/wood-fence,0,0,0.00,0.33,2270000,"15, 15, 19, 26, 19, 15, 53, 65, 42, 65, 100, 100",2026-04-30,"Local pack, Video, People also ask, Related searches, AI overview",commercial,Organic
picket fence chicago,13,13,110,0,0.00,https://www.floresfencecompany.com/,0,0,0.00,0.33,2270000,"15, 15, 19, 26, 19, 15, 53, 65, 42, 65, 100, 100",2026-04-30,"Local pack, Video, People also ask, Related searches, AI overview",commercial,Organic
picket fence chicago,42,42,110,0,0.00,https://www.floresfencecompany.com/,0,0,0.00,0.33,2270000,"15, 15, 19, 26, 19, 15, 53, 65, 42, 65, 100, 100",2026-04-30,"Local pack, Video, People also ask, Related searches, AI overview",commercial,Organic
fence installation lincolnwood il,91,91,110,5,0.00,https://www.floresfencecompany.com/,0,0,0.00,0,261000,"4, 14, 4, 4, 14, 14, 100, 80, 52, 80, 100, 100",2026-04-20,"Local pack, Video, Image, Related searches",commercial,Organic
chain link fence repair chicago,25,25,90,7,0.00,https://www.floresfencecompany.com/chain-fence,0,0,0.00,0.11,1940000,"9, 9, 9, 9, 19, 14, 66, 80, 52, 80, 80, 80",2026-05-06,"Local pack, Sitelinks, Video, People also ask, Related searches, Discussions and forums",commercial,Organic
fence installaion,47,47,40,54,0.00,https://www.floresfencecompany.com/,0,0,0.00,0,114000000,"100, 0, 0, 0, 0, 0, 0, 0, 0, 0",2026-04-22,"Local pack, Image pack, Video, Ads bottom, Related searches",commercial,Organic
fence installaion,48,48,40,54,0.00,https://www.floresfencecompany.com/,0,0,0.00,0,114000000,"100, 0, 0, 0, 0, 0, 0, 0, 0, 0",2026-04-22,"Local pack, Image pack, Video, Ads bottom, Related searches",commercial,Organic
chain link fence rentals in chicago,25,25,210,9,0.00,https://www.floresfencecompany.com/chain-fence,0,0,0.00,0,111,"80, 100",2026-05-27,"Local pack, Related searches, AI overview",informational,Organic
commercial fence company east ravenswood il,16,16,40,46,0.00,https://www.floresfencecompany.com/,0,0,0.00,0,177000,"0, 0, 0, 0, 5, 17, 100, 17, 23, 29, 17, 23",2026-04-28,"Local pack, Related searches",commercial,Organic
commercial fence installation in chicago,15,15,110,30,0.00,https://www.floresfencecompany.com/,0,0,0.00,0,142,"14, 9, 33, 23, 42, 80, 66, 80, 100, 42, 23, 33",2026-05-26,"Local pack, Video, Related searches",commercial,Organic
vinyl fence company chicago,35,35,50,28,0.00,https://www.floresfencecompany.com/vinyl-fence,0,0,0.00,0,2250000,"0, 14, 100, 100, 100, 71, 100",2026-04-18,"Local pack, Sitelinks, Video, Related searches",commercial,Organic
vinyl fence company chicago,81,81,50,28,0.00,https://www.floresfencecompany.com/chain-fence,0,0,0.00,0,2250000,"0, 14, 100, 100, 100, 71, 100",2026-04-18,"Local pack, Sitelinks, Video, Related searches",commercial,Organic
fence contractor wilmette,47,47,110,2,0.00,https://www.floresfencecompany.com/,0,0,0.00,0.33,295000,"23, 19, 23, 33, 19, 23, 66, 80, 52, 80, 100, 100",2026-04-28,"Local pack, Image, People also ask, Related searches",commercial,Organic
wood fence chicago il,72,72,50,37,0.00,https://www.floresfencecompany.com/wood-fence,0,0,0.00,0,7390000,"1, 0, 1, 3, 5, 3, 7, 12, 10, 12, 12, 10",2026-04-17,"Local pack, Sitelinks, Video, Image, Related searches",commercial,Organic
security fences chicago,12,12,90,24,0.00,https://www.floresfencecompany.com/,0,0,0.00,0,116,"0, 0, 0, 0, 11, 11, 82, 100, 64, 100, 100, 100",2026-05-20,"Local pack, Video, People also ask, Related searches, AI overview",commercial,Organic
semoore fencing,20,20,110,25,2.87,https://www.floresfencecompany.com/,0,0,0.00,0.22,162,"19, 23, 52, 66, 80, 80, 100, 66, 52, 52, 42, 33",2026-05-21,"Knowledge panel, Sitelinks, People also ask, Related searches, Short videos","informational, navigational",Organic
composite fence chicago,32,54,720,10,6.51,https://www.floresfencecompany.com/,0,0,0.00,0.06,183,"100, 36, 45, 36, 62, 62, 36, 24, 36, 24, 24, 24",2026-06-04,"Local pack, Sitelinks, Video, Popular products, Related searches, AI overview",commercial,Organic
security fence chicago,21,21,90,4,0.00,https://www.floresfencecompany.com/chain-fence,0,0,0.00,0.33,199,"0, 0, 9, 14, 9, 9, 66, 80, 52, 80, 100, 80",2026-05-07,"Local pack, Video, Video Carousel, Related searches",commercial,Organic
security fence chicago,33,33,90,4,0.00,https://www.floresfencecompany.com/,0,0,0.00,0.33,199,"0, 0, 9, 14, 9, 9, 66, 80, 52, 80, 100, 80",2026-05-07,"Local pack, Video, Video Carousel, Related searches",commercial,Organic
security fence chicago,44,44,90,4,0.00,https://www.floresfencecompany.com/,0,0,0.00,0.33,199,"0, 0, 9, 14, 9, 9, 66, 80, 52, 80, 100, 80",2026-05-07,"Local pack, Video, Video Carousel, Related searches",commercial,Organic
fence company quotes,52,52,90,13,0.00,https://www.floresfencecompany.com/,0,0,0.00,0.03,26000000,"29, 17, 64, 41, 23, 17, 82, 100, 64, 64, 82, 82",2026-04-24,"Local pack, Sitelinks, Video, Image, Ads bottom, People also ask, Related searches, Discussions and forums, AI overview",commercial,Organic
fence replacements,57,57,70,51,8.81,https://www.floresfencecompany.com/,0,0,0.00,0.87,95000000,"12, 12, 53, 23, 10, 7, 12, 23, 12, 17, 12, 10",2026-04-20,"Local pack, Video, Video Carousel, Popular products, Related searches",commercial,Organic
small job fence repair near me,95,95,110,38,3.33,https://www.floresfencecompany.com/,0,0,0.00,0.94,33300000,"21, 21, 81, 65, 53, 43, 28, 34, 28, 21, 21, 6",2026-04-10,"Local pack, Video, People also ask, Related searches",transactional,Organic
affordable chain link fencing,60,60,40,26,1.05,https://www.floresfencecompany.com/chain-fence,0,0,0.00,0.95,5570000,"3, 3, 5, 3, 3, 3, 8, 3, 2, 1, 1, 1",2026-04-12,"Local pack, Sitelinks, Video, Image, Video Carousel, Popular products, Related searches, Discussions and forums",commercial,Organic
affordable chain link fencing,76,76,40,26,1.05,https://www.floresfencecompany.com/chain-fence,0,0,0.00,0.95,5570000,"3, 3, 5, 3, 3, 3, 8, 3, 2, 1, 1, 1",2026-04-12,"Local pack, Sitelinks, Video, Image, Video Carousel, Popular products, Related searches, Discussions and forums",commercial,Organic
fence repair kenosha,48,48,70,8,4.15,https://www.floresfencecompany.com/,0,0,0.00,0.54,101,"9, 9, 9, 23, 23, 19, 19, 33, 66, 100, 9, 42",2026-05-28,"Local pack, Sitelinks, People also ask, Related searches, Discussions and forums",commercial,Organic
fence repair kenosha,49,49,70,8,4.15,https://www.floresfencecompany.com/,0,0,0.00,0.54,101,"9, 9, 9, 23, 23, 19, 19, 33, 66, 100, 9, 42",2026-05-28,"Local pack, Sitelinks, People also ask, Related searches, Discussions and forums",commercial,Organic
fence company wilmette,29,29,210,2,0.00,https://www.floresfencecompany.com/,0,0,0.00,0.08,107,"21, 28, 15, 81, 81, 43, 81, 100, 81, 81, 65, 81",2026-05-29,"Local pack, Video, People also ask, Related searches",commercial,Organic
fence company wilmette,33,33,210,2,0.00,https://www.floresfencecompany.com/,0,0,0.00,0.08,107,"21, 28, 15, 81, 81, 43, 81, 100, 81, 81, 65, 81",2026-05-29,"Local pack, Video, People also ask, Related searches",commercial,Organic
fence company melrose park,18,18,140,9,0.00,https://www.floresfencecompany.com/,0,0,0.00,0.6,112,"19, 7, 7, 80, 65, 42, 53, 34, 65, 42, 53, 100",2026-06-03,"Local pack, Video, Related searches",commercial,Organic
wood fence company near chicago,1,1,40,41,0.00,https://www.floresfencecompany.com/,0,0,0.00,0,42700000,"55, 0, 0, 11, 44, 22, 77, 77, 55, 77, 55, 33",2026-04-18,"Knowledge panel, Sitelinks, Video, Related searches, AI overview",commercial,AI overview
wood fence company near chicago,68,68,40,41,0.00,https://www.floresfencecompany.com/wood-fence,0,0,0.00,0,42700000,"55, 0, 0, 11, 44, 22, 77, 77, 55, 77, 55, 33",2026-04-18,"Knowledge panel, Sitelinks, Video, Related searches, AI overview",commercial,Organic
fence installation oak park il,16,16,40,0,0.00,https://www.floresfencecompany.com/,0,0,0.00,0.33,103,"11, 11, 11, 17, 41, 17, 100, 11, 11, 5, 5, 11",2026-05-08,"Knowledge panel, Video, Image, People also ask, Related searches, AI overview",informational,Organic
forever fence and rail,87,87,90,32,3.52,https://www.floresfencecompany.com/,0,0,0.00,0.05,4740000,"9, 9, 52, 52, 52, 52, 52, 52, 52, 52, 9, 14",2026-04-26,"Knowledge panel, Sitelinks, Video, People also ask, Related searches",navigational,Organic
commercial fence installation in chicago il,14,14,30,40,11.74,https://www.floresfencecompany.com/,0,0,0.00,0.03,4860000,"100, 0, 60, 60, 40, 20, 80, 80, 80, 80, 80, 80",2026-04-30,"Local pack, Sitelinks, Video, Image, Related searches",commercial,Organic
custom wrought iron fence chicago,23,23,90,5,0.00,https://www.floresfencecompany.com/metal-fence,0,0,0.00,0,179,"11, 11, 41, 100, 64, 100, 64, 41, 0, 82",2026-05-17,"Local pack, Sitelinks, Video, People also ask, Related searches",commercial,Organic
commercial fence installations chicago,19,19,90,43,0.00,https://www.floresfencecompany.com/,0,0,0.00,0,5600000,"5, 5, 29, 29, 52, 82, 82, 100, 100, 64, 17, 23",2026-04-27,"Local pack, Sitelinks, Video, Related searches",commercial,Organic
commercial fence installations chicago,22,22,90,43,0.00,https://www.floresfencecompany.com/,0,0,0.00,0,5600000,"5, 5, 29, 29, 52, 82, 82, 100, 100, 64, 17, 23",2026-04-27,"Local pack, Sitelinks, Video, Related searches",commercial,Organic
security fence installation companies chicago,36,36,140,27,0.00,https://www.floresfencecompany.com/metal-fence,0,0,0.00,0,31700000,"100, 0, 0",2026-04-30,"Local pack, Video, Image, Related searches",commercial,Organic
security fence installation companies chicago,50,50,140,27,0.00,https://www.floresfencecompany.com/chain-fence,0,0,0.00,0,31700000,"100, 0, 0",2026-04-30,"Local pack, Video, Image, Related searches",commercial,Organic
security fence chicago il,23,23,90,19,0.00,https://www.floresfencecompany.com/,0,0,0.00,0,143,"0, 0, 0, 0, 4, 14, 66, 80, 52, 80, 100, 80",2026-05-20,"Local pack, Video, People also ask, Related searches",commercial,Organic
fence contractors in illinois,6,6,40,43,0.00,https://www.floresfencecompany.com/,0,0,0.00,0.33,20800000,"22, 22, 22, 22, 22, 22, 77, 77, 55, 55, 77, 77",2026-05-08,"Local pack, Sitelinks, Video, Image, People also ask, Related searches, Discussions and forums",commercial,Organic
picket fence installation chicago,10,10,110,36,0.00,https://www.floresfencecompany.com/,0,0,0.00,0.33,109,"15, 11, 19, 19, 19, 15, 53, 65, 53, 80, 100, 80",2026-05-01,"Local pack, Sitelinks, Video, People also ask, Related searches, AI overview",commercial,Organic
picket fence installation chicago,30,30,110,36,0.00,https://www.floresfencecompany.com/,0,0,0.00,0.33,109,"15, 11, 19, 19, 19, 15, 53, 65, 53, 80, 100, 80",2026-05-01,"Local pack, Sitelinks, Video, People also ask, Related searches, AI overview",commercial,Organic
picket fence installation chicago,33,33,110,36,0.00,https://www.floresfencecompany.com/,0,0,0.00,0.33,109,"15, 11, 19, 19, 19, 15, 53, 65, 53, 80, 100, 80",2026-05-01,"Local pack, Sitelinks, Video, People also ask, Related searches, AI overview",commercial,Organic
wood fencing chicago,10,10,40,36,0.00,https://www.floresfencecompany.com/,0,0,0.00,0,176,"14, 14, 28, 28, 14, 14, 100, 100, 100, 100, 100, 100",2026-04-30,"Local pack, Video, People also ask, Related searches",commercial,Organic
wood fencing chicago,26,26,40,36,0.00,https://www.floresfencecompany.com/wood-fence,0,0,0.00,0,176,"14, 14, 28, 28, 14, 14, 100, 100, 100, 100, 100, 100",2026-04-30,"Local pack, Video, People also ask, Related searches",commercial,Organic
south chicago wrought iron fence,15,15,40,2,0.00,https://www.floresfencecompany.com/metal-fence,0,0,0.00,0,142,"100, 100, 60, 80",2026-05-19,"Local pack, Video, Popular products, Related searches",commercial,Organic
chain link fence installation chicago,32,32,880,30,0.00,https://www.floresfencecompany.com/chain-fence,0,0,0.00,0,6910000,"1, 3, 4, 5, 5, 100, 24, 55, 55, 44, 24, 16",2026-04-11,"Local pack, Sitelinks, Video, People also ask, Related searches",commercial,Organic
fence company springfield il,35,35,110,11,6.04,https://www.floresfencecompany.com/,0,0,0.00,0.32,1870000,"14, 14, 43, 22, 22, 29, 29, 22, 18, 22, 10, 14",2026-04-20,"Local pack, Sitelinks, Related searches",commercial,Organic
aluminum fence repair chicago,17,17,480,20,0.00,https://www.floresfencecompany.com/metal-fence,0,0,0.00,0,1940000,"2, 1, 4, 4, 10, 30, 55, 100, 62, 45, 55, 36",2026-05-08,"Local pack, Sitelinks, People also ask, Related searches",commercial,Organic
aluminum fence repair chicago,50,50,480,20,0.00,https://www.floresfencecompany.com/,0,0,0.00,0,1940000,"2, 1, 4, 4, 10, 30, 55, 100, 62, 45, 55, 36",2026-05-08,"Local pack, Sitelinks, People also ask, Related searches",commercial,Organic
south chicago residential fencing,26,26,40,26,0.00,https://www.floresfencecompany.com/,0,0,0.00,0,2710000,"75, 100, 100, 100",2026-04-18,"Local pack, Sitelinks, Related searches",commercial,Organic
backyard fence contractors,26,26,70,63,10.05,https://www.floresfencecompany.com/,0,0,0.00,0.09,26800000,"18, 18, 18, 18, 27, 100, 100, 100, 100, 100, 18, 100",2026-04-21,"Local pack, Video, Image, People also ask, Related searches",commercial,Organic
composite fences chicago,72,72,320,4,0.00,https://www.floresfencecompany.com/,0,0,0.00,0,3770000,"6, 11, 35, 44, 23, 15, 54, 100, 100, 81, 66, 54",2026-05-10,"Local pack, Sitelinks, Video, Related searches, Discussions and forums",commercial,Organic
fence rental in chicago il,80,80,70,20,0.00,https://www.floresfencecompany.com/,0,0,0.00,0,117,"80, 100, 26, 0, 3, 0, 0",2026-05-16,"Local pack, People also ask, Related searches, AI overview",informational,Organic
fence repair companies near me,64,64,590,43,9.36,https://www.floresfencecompany.com/,0,0,0.00,0.91,22900000,"24, 55, 100, 45, 36, 30, 24, 45, 24, 24, 20, 20",2026-04-16,"Local pack, Video, People also ask, Related searches",transactional,Organic
fence company evanston,36,36,170,5,6.14,https://www.floresfencecompany.com/,0,0,0.00,0.31,101,"26, 0, 11, 100, 80, 42, 65, 80, 80, 80, 65, 100",2026-06-03,"Local pack, Sitelinks, Video, People also ask, Related searches, AI overview",informational,Organic
